Model,MAE,R2
Ensemble,4777.491633328489,0.665049524196127
